{"stats":{"minecraft:custom":{"minecraft:sprint_one_cm":10989,"minecraft:time_since_rest":14292,"minecraft:fall_one_cm":6020,"minecraft:walk_one_cm":2103,"minecraft:total_world_time":14292,"minecraft:leave_game":4,"minecraft:fly_one_cm":15952,"minecraft:damage_taken":50,"minecraft:play_time":14292,"minecraft:jump":113,"minecraft:time_since_death":14292},"minecraft:used":{"minecraft:rose_bush":3,"minecraft:peony":2},"minecraft:mined":{"minecraft:rose_bush":3,"minecraft:birch_leaves":1,"minecraft:peony":3},"minecraft:picked_up":{"minecraft:rose_bush":3,"minecraft:peony":2}},"DataVersion":4556}