{"stats":{"minecraft:custom":{"minecraft:sprint_one_cm":15577,"minecraft:time_since_rest":15244,"minecraft:fall_one_cm":8695,"minecraft:walk_one_cm":2880,"minecraft:total_world_time":15244,"minecraft:leave_game":5,"minecraft:fly_one_cm":24115,"minecraft:damage_taken":100,"minecraft:play_time":15244,"minecraft:jump":159,"minecraft:time_since_death":15244},"minecraft:mined":{"minecraft:rose_bush":4,"minecraft:birch_leaves":1,"minecraft:peony":3},"minecraft:used":{"minecraft:rose_bush":4,"minecraft:peony":2},"minecraft:picked_up":{"minecraft:rose_bush":4,"minecraft:peony":2}},"DataVersion":4556}